25/10/2022,04:30:00,0.98881,0.98911,0.98833,0.9888
25/10/2022,04:15:00,0.98916,0.98918,0.98776,0.98882
25/10/2022,04:00:00,0.98937,0.98986,0.98914,0.98915
25/10/2022,03:45:00,0.98913,0.98965,0.98887,0.98943
25/10/2022,03:30:00,0.98908,0.98972,0.98901,0.98915
25/10/2022,03:15:00,0.98846,0.98929,0.98809,0.98909
25/10/2022,03:00:00,0.98846,0.989,0.98787,0.98843
25/10/2022,02:45:00,0.98891,0.98897,0.98841,0.98844
25/10/2022,02:30:00,0.98867,0.98895,0.98861,0.98893
25/10/2022,02:15:00,0.98868,0.98904,0.98855,0.98867
25/10/2022,02:00:00,0.98868,0.98882,0.98837,0.98866
25/10/2022,01:45:00,0.98828,0.98875,0.9882,0.98869
25/10/2022,01:30:00,0.98821,0.98829,0.98788,0.98829
25/10/2022,01:15:00,0.98772,0.98835,0.98759,0.98821
25/10/2022,01:00:00,0.98695,0.98782,0.98695,0.98772
25/10/2022,00:45:00,0.98723,0.98727,0.98663,0.98705
25/10/2022,00:30:00,0.98729,0.98733,0.98692,0.98723
25/10/2022,00:15:00,0.9873,0.98738,0.98707,0.98728
25/10/2022,00:00:00,0.98734,0.98752,0.98715,0.98731
24/10/2022,23:45:00,0.98756,0.98767,0.98731,0.98734
24/10/2022,23:30:00,0.98759,0.98762,0.98747,0.98757
24/10/2022,23:15:00,0.98733,0.98758,0.98733,0.98758
24/10/2022,23:00:00,0.9874,0.98753,0.98722,0.98733
24/10/2022,22:45:00,0.9874,0.98759,0.98719,0.9874
24/10/2022,22:30:00,0.98802,0.98808,0.98736,0.9874
24/10/2022,22:15:00,0.98798,0.9881,0.98787,0.98804
24/10/2022,22:00:00,0.98753,0.98807,0.98735,0.98797
24/10/2022,21:45:00,0.98707,0.98768,0.98696,0.98751
24/10/2022,21:30:00,0.98699,0.98735,0.98683,0.98706
24/10/2022,21:15:00,0.98698,0.98725,0.98684,0.987
24/10/2022,21:00:00,0.98709,0.98744,0.98691,0.98699
24/10/2022,20:45:00,0.98728,0.9874,0.98684,0.98711
24/10/2022,20:30:00,0.98728,0.98753,0.98714,0.98727
24/10/2022,20:15:00,0.98718,0.98748,0.98705,0.98729
24/10/2022,20:00:00,0.98707,0.98737,0.98706,0.98719
24/10/2022,19:45:00,0.98675,0.98759,0.98669,0.98708
24/10/2022,19:30:00,0.9871,0.98736,0.98632,0.98675
24/10/2022,19:15:00,0.98727,0.98783,0.98707,0.98709
24/10/2022,19:00:00,0.98733,0.98759,0.98683,0.98727
24/10/2022,18:45:00,0.98666,0.98783,0.98634,0.98737
24/10/2022,18:30:00,0.9879,0.988,0.98662,0.98667
24/10/2022,18:15:00,0.9883,0.98909,0.98764,0.98789
24/10/2022,18:00:00,0.98854,0.98858,0.98743,0.98827
24/10/2022,17:45:00,0.98816,0.98937,0.98758,0.98852
24/10/2022,17:30:00,0.98701,0.98881,0.98677,0.98819
24/10/2022,17:15:00,0.98761,0.98779,0.9854,0.98698
24/10/2022,17:00:00,0.98759,0.98781,0.98597,0.98761
24/10/2022,16:45:00,0.98383,0.9891,0.98383,0.98755
24/10/2022,16:30:00,0.98343,0.98444,0.98331,0.98376
24/10/2022,16:15:00,0.98336,0.98376,0.98268,0.98339
24/10/2022,16:00:00,0.98436,0.9844,0.98284,0.98335
24/10/2022,15:45:00,0.98485,0.98519,0.98344,0.98433
24/10/2022,15:30:00,0.98369,0.98494,0.98322,0.98481
24/10/2022,15:15:00,0.98523,0.98525,0.9834,0.9837
24/10/2022,15:00:00,0.98352,0.98578,0.98288,0.98523
24/10/2022,14:45:00,0.98191,0.98462,0.98189,0.98354
24/10/2022,14:30:00,0.98189,0.98239,0.98132,0.98192
24/10/2022,14:15:00,0.98213,0.98252,0.98176,0.98189
24/10/2022,14:00:00,0.98223,0.9826,0.98151,0.98213
24/10/2022,13:45:00,0.98223,0.9827,0.98169,0.98225
24/10/2022,13:30:00,0.9825,0.98276,0.98194,0.98221
24/10/2022,13:15:00,0.98265,0.98356,0.98249,0.9825
24/10/2022,13:00:00,0.98335,0.98353,0.98249,0.98262
24/10/2022,12:45:00,0.98178,0.9834,0.98135,0.98334
24/10/2022,12:30:00,0.98132,0.98196,0.98069,0.98179
24/10/2022,12:15:00,0.98305,0.98313,0.98133,0.98133
24/10/2022,12:00:00,0.98352,0.98355,0.983,0.98304
24/10/2022,11:45:00,0.9832,0.98429,0.98302,0.98349
24/10/2022,11:30:00,0.98293,0.98319,0.98181,0.98319
24/10/2022,11:15:00,0.98285,0.98335,0.98205,0.98299
24/10/2022,11:00:00,0.98346,0.98381,0.98169,0.98288
24/10/2022,10:45:00,0.98308,0.98437,0.98287,0.98345
24/10/2022,10:30:00,0.98459,0.98508,0.98265,0.98308
24/10/2022,10:15:00,0.98504,0.98557,0.98433,0.98501
24/10/2022,10:00:00,0.9846,0.98619,0.98452,0.98507
24/10/2022,09:45:00,0.98394,0.98471,0.9834,0.98459
24/10/2022,09:30:00,0.98457,0.98494,0.9832,0.98396
24/10/2022,09:15:00,0.98557,0.98584,0.98456,0.98457
24/10/2022,09:00:00,0.98432,0.98619,0.98414,0.98557
24/10/2022,08:45:00,0.98442,0.98492,0.98418,0.98433
24/10/2022,08:30:00,0.98415,0.98455,0.98398,0.98443
24/10/2022,08:15:00,0.9843,0.98461,0.98409,0.98417
24/10/2022,08:00:00,0.98476,0.98504,0.98408,0.98429
24/10/2022,07:45:00,0.98443,0.98492,0.98441,0.98478
24/10/2022,07:30:00,0.98395,0.98449,0.98379,0.98442
24/10/2022,07:15:00,0.98329,0.98405,0.98316,0.98394
24/10/2022,07:00:00,0.98345,0.98364,0.98323,0.98328
24/10/2022,06:45:00,0.98311,0.98348,0.98303,0.98344
24/10/2022,06:30:00,0.98306,0.98341,0.98303,0.98311
24/10/2022,06:15:00,0.98298,0.98334,0.98253,0.98307
24/10/2022,06:00:00,0.98437,0.98452,0.98287,0.98298
24/10/2022,05:45:00,0.98374,0.98451,0.98371,0.98434
24/10/2022,05:30:00,0.98359,0.98398,0.98347,0.98374
24/10/2022,05:15:00,0.98324,0.98362,0.98299,0.98362
24/10/2022,05:00:00,0.98355,0.9836,0.98288,0.98321
24/10/2022,04:45:00,0.98355,0.98401,0.98323,0.98351
24/10/2022,04:30:00,0.98391,0.98442,0.98354,0.98355
24/10/2022,04:15:00,0.98421,0.98425,0.98335,0.98394
24/10/2022,04:00:00,0.98491,0.98491,0.98389,0.98419
24/10/2022,03:45:00,0.98503,0.98517,0.98404,0.98494
24/10/2022,03:30:00,0.98536,0.986,0.98477,0.98502
24/10/2022,03:15:00,0.98519,0.98577,0.9846,0.9853
24/10/2022,03:00:00,0.98595,0.98673,0.98484,0.98516
24/10/2022,02:45:00,0.98831,0.98857,0.98524,0.98594
24/10/2022,02:30:00,0.98333,0.98886,0.9833,0.98829
24/10/2022,02:15:00,0.98394,0.98435,0.98311,0.98332
24/10/2022,02:00:00,0.98487,0.98493,0.98383,0.98395
24/10/2022,01:45:00,0.9859,0.98599,0.98469,0.98488
24/10/2022,01:30:00,0.98568,0.98628,0.98545,0.98589
24/10/2022,01:15:00,0.98701,0.98707,0.98504,0.98568
24/10/2022,01:00:00,0.98843,0.98992,0.98619,0.98693
24/10/2022,00:45:00,0.98748,0.98845,0.98741,0.98844
24/10/2022,00:30:00,0.98673,0.98748,0.9863,0.9874
24/10/2022,00:15:00,0.98737,0.98746,0.98639,0.98675
24/10/2022,00:00:00,0.98698,0.9874,0.98644,0.98736
21/10/2022,23:45:00,0.98611,0.98636,0.98559,0.98595
21/10/2022,23:30:00,0.98628,0.98648,0.98611,0.98612
21/10/2022,23:15:00,0.98622,0.98639,0.98599,0.98629
21/10/2022,23:00:00,0.98611,0.98659,0.98581,0.98621
21/10/2022,22:45:00,0.98623,0.98648,0.98606,0.98618
21/10/2022,22:30:00,0.98626,0.98654,0.98595,0.98624
21/10/2022,22:15:00,0.98589,0.98691,0.9855,0.98626
21/10/2022,22:00:00,0.9845,0.98614,0.9843,0.98593
21/10/2022,21:45:00,0.98462,0.98528,0.98441,0.98443
21/10/2022,21:30:00,0.98294,0.98472,0.98294,0.98468
21/10/2022,21:15:00,0.98275,0.98325,0.98249,0.98296
21/10/2022,21:00:00,0.98296,0.98381,0.9824,0.98279
21/10/2022,20:45:00,0.98359,0.98417,0.98286,0.98296
21/10/2022,20:30:00,0.98341,0.98413,0.98317,0.98354
21/10/2022,20:15:00,0.9842,0.98426,0.983,0.98342
21/10/2022,20:00:00,0.98389,0.9848,0.9836,0.98415
21/10/2022,19:45:00,0.98433,0.98552,0.98378,0.9839
21/10/2022,19:30:00,0.98329,0.98498,0.98314,0.98432
21/10/2022,19:15:00,0.98509,0.98511,0.9825,0.98319
21/10/2022,19:00:00,0.98548,0.98678,0.98429,0.9851
21/10/2022,18:45:00,0.98051,0.98564,0.9804,0.98545
21/10/2022,18:30:00,0.98021,0.98171,0.97872,0.98043
21/10/2022,18:15:00,0.98018,0.98184,0.9789,0.98023
21/10/2022,18:00:00,0.97969,0.98078,0.97796,0.98027
21/10/2022,17:45:00,0.98,0.9817,0.97927,0.97972
21/10/2022,17:30:00,0.9777,0.98089,0.97653,0.98013
21/10/2022,17:15:00,0.98055,0.9806,0.97754,0.97767
21/10/2022,17:00:00,0.97979,0.9817,0.97895,0.98056
21/10/2022,16:45:00,0.9775,0.98072,0.97745,0.97972
21/10/2022,16:30:00,0.97698,0.97918,0.97574,0.97749
21/10/2022,16:15:00,0.97631,0.97751,0.97519,0.97697
21/10/2022,16:00:00,0.97575,0.97916,0.97564,0.97632
21/10/2022,15:45:00,0.97223,0.97771,0.97141,0.97579
21/10/2022,15:30:00,0.97139,0.97258,0.97049,0.97222
21/10/2022,15:15:00,0.97299,0.97299,0.97068,0.9714
21/10/2022,15:00:00,0.97449,0.9749,0.9728,0.97296
21/10/2022,14:45:00,0.97491,0.97499,0.97411,0.9745
21/10/2022,14:30:00,0.97547,0.97558,0.97423,0.97492
21/10/2022,14:15:00,0.97469,0.97592,0.97468,0.97548
21/10/2022,14:00:00,0.975,0.97579,0.97452,0.97468
21/10/2022,13:45:00,0.97383,0.97537,0.97362,0.97498
21/10/2022,13:30:00,0.97474,0.97484,0.97357,0.97384
21/10/2022,13:15:00,0.97409,0.97481,0.97322,0.97473
21/10/2022,13:00:00,0.97404,0.9748,0.97364,0.9741
21/10/2022,12:45:00,0.97393,0.97462,0.97384,0.97405
21/10/2022,12:30:00,0.97511,0.97518,0.97353,0.97392
21/10/2022,12:15:00,0.97555,0.97556,0.97441,0.97511
21/10/2022,12:00:00,0.97564,0.97635,0.97529,0.97554
21/10/2022,11:45:00,0.97649,0.97688,0.97528,0.97562
21/10/2022,11:30:00,0.97744,0.97793,0.97612,0.97651
21/10/2022,11:15:00,0.97809,0.97825,0.97715,0.97745
21/10/2022,11:00:00,0.97886,0.97909,0.97808,0.9781
21/10/2022,10:45:00,0.97916,0.97937,0.97861,0.97889
21/10/2022,10:30:00,0.97961,0.9801,0.97893,0.97915
21/10/2022,10:15:00,0.97669,0.98024,0.97661,0.97962
21/10/2022,10:00:00,0.97659,0.97727,0.97611,0.97671
21/10/2022,09:45:00,0.97686,0.97714,0.97639,0.9766
21/10/2022,09:30:00,0.97655,0.97712,0.97617,0.97687
21/10/2022,09:15:00,0.97734,0.97741,0.97653,0.97654
21/10/2022,09:00:00,0.9775,0.97776,0.97711,0.97735
21/10/2022,08:45:00,0.97742,0.97766,0.97729,0.97757
21/10/2022,08:30:00,0.9765,0.97754,0.97641,0.9774
21/10/2022,08:15:00,0.97655,0.97672,0.97638,0.97652
21/10/2022,08:00:00,0.9771,0.97712,0.97632,0.97655
21/10/2022,07:45:00,0.97703,0.97712,0.97672,0.97712
21/10/2022,07:30:00,0.97698,0.97715,0.97678,0.97705
21/10/2022,07:15:00,0.97662,0.97717,0.97646,0.97699
21/10/2022,07:00:00,0.97684,0.97701,0.97655,0.97661
21/10/2022,06:45:00,0.97682,0.97725,0.97674,0.97686
21/10/2022,06:30:00,0.97803,0.97807,0.97681,0.97681
21/10/2022,06:15:00,0.97831,0.97833,0.97801,0.97801
21/10/2022,06:00:00,0.97767,0.97835,0.97753,0.9783
21/10/2022,05:45:00,0.97763,0.9778,0.97751,0.97767
21/10/2022,05:30:00,0.97767,0.97802,0.97742,0.97763
21/10/2022,05:15:00,0.97725,0.97779,0.97722,0.97768
21/10/2022,05:00:00,0.97702,0.97733,0.97677,0.97726
21/10/2022,04:45:00,0.97694,0.97723,0.97673,0.97703
21/10/2022,04:30:00,0.97694,0.97725,0.97649,0.97693
21/10/2022,04:15:00,0.97685,0.97727,0.97663,0.97695
21/10/2022,04:00:00,0.9771,0.9772,0.97662,0.97687
21/10/2022,03:45:00,0.97731,0.97749,0.97686,0.97707
21/10/2022,03:30:00,0.97737,0.97747,0.97679,0.97733
21/10/2022,03:15:00,0.9771,0.97744,0.97698,0.97736
21/10/2022,03:00:00,0.9779,0.97824,0.97687,0.97709
21/10/2022,02:45:00,0.97776,0.97793,0.97763,0.97784
21/10/2022,02:30:00,0.97745,0.97777,0.97735,0.97777
21/10/2022,02:15:00,0.97785,0.97791,0.97743,0.97745
21/10/2022,02:00:00,0.9783,0.97831,0.97784,0.97789
21/10/2022,01:45:00,0.97822,0.97838,0.97814,0.97832
21/10/2022,01:30:00,0.9784,0.97849,0.97816,0.97822
21/10/2022,01:15:00,0.97841,0.97859,0.9783,0.9784
21/10/2022,01:00:00,0.97847,0.97887,0.97835,0.9784
21/10/2022,00:45:00,0.9787,0.97872,0.97765,0.97851
21/10/2022,00:30:00,0.9786,0.97872,0.97856,0.97871
21/10/2022,00:15:00,0.97854,0.97861,0.97831,0.97859
21/10/2022,00:00:00,0.97878,0.97878,0.97803,0.97853
20/10/2022,23:45:00,0.97876,0.9789,0.97866,0.97878
20/10/2022,23:30:00,0.97855,0.97883,0.97843,0.97874
20/10/2022,23:15:00,0.97841,0.97857,0.97823,0.97856
20/10/2022,23:00:00,0.97836,0.97856,0.97813,0.97841
20/10/2022,22:45:00,0.97795,0.97859,0.97777,0.97843
20/10/2022,22:30:00,0.97765,0.978,0.97733,0.97798
20/10/2022,22:15:00,0.9785,0.97851,0.97747,0.97765
20/10/2022,22:00:00,0.97845,0.97896,0.97824,0.97848
20/10/2022,21:45:00,0.97825,0.97872,0.97805,0.97844
20/10/2022,21:30:00,0.97756,0.9787,0.97752,0.97824
20/10/2022,21:15:00,0.97763,0.978,0.97751,0.97757
20/10/2022,21:00:00,0.97851,0.97877,0.97754,0.97763
20/10/2022,20:45:00,0.97849,0.97884,0.97805,0.97852
20/10/2022,20:30:00,0.97872,0.97895,0.97848,0.9785
20/10/2022,20:15:00,0.97924,0.97926,0.97867,0.97873
20/10/2022,20:00:00,0.98026,0.98026,0.97852,0.97925
20/10/2022,19:45:00,0.98033,0.98048,0.97992,0.98026
20/10/2022,19:30:00,0.98012,0.98049,0.97979,0.98034
20/10/2022,19:15:00,0.98067,0.9814,0.97991,0.98011
20/10/2022,19:00:00,0.98224,0.98227,0.9806,0.98066
20/10/2022,18:45:00,0.98305,0.98326,0.9822,0.98224
20/10/2022,18:30:00,0.98243,0.98322,0.98221,0.98301
20/10/2022,18:15:00,0.98316,0.98321,0.98211,0.98241
20/10/2022,18:00:00,0.98447,0.98448,0.98295,0.98319
20/10/2022,17:45:00,0.982,0.98454,0.9818,0.98447
20/10/2022,17:30:00,0.98345,0.98364,0.9819,0.98201
20/10/2022,17:15:00,0.98133,0.98372,0.98126,0.98347
20/10/2022,17:00:00,0.97858,0.98159,0.97834,0.98135
20/10/2022,16:45:00,0.97901,0.97965,0.97797,0.97862
20/10/2022,16:30:00,0.97929,0.97978,0.97854,0.97901
20/10/2022,16:15:00,0.98042,0.98085,0.97926,0.97926
20/10/2022,16:00:00,0.98028,0.98058,0.97976,0.98042
20/10/2022,15:45:00,0.9804,0.98098,0.97957,0.98027
20/10/2022,15:30:00,0.98256,0.98371,0.98031,0.9804
20/10/2022,15:15:00,0.98107,0.98329,0.98093,0.98257
20/10/2022,15:00:00,0.98124,0.98156,0.98075,0.98106
20/10/2022,14:45:00,0.98075,0.98166,0.98052,0.9813
20/10/2022,14:30:00,0.98148,0.98183,0.98072,0.98074
20/10/2022,14:15:00,0.98258,0.98288,0.98133,0.98147
20/10/2022,14:00:00,0.98069,0.98288,0.98017,0.98259
20/10/2022,13:45:00,0.97973,0.98072,0.97906,0.98069
20/10/2022,13:30:00,0.97795,0.97972,0.97792,0.97972
20/10/2022,13:15:00,0.97843,0.97869,0.97786,0.97795
20/10/2022,13:00:00,0.9783,0.9788,0.97768,0.97844
20/10/2022,12:45:00,0.97783,0.97879,0.97783,0.97831
20/10/2022,12:30:00,0.97777,0.97814,0.97729,0.97782
20/10/2022,12:15:00,0.97862,0.97885,0.9776,0.97775
20/10/2022,12:00:00,0.9782,0.97891,0.97814,0.97861
20/10/2022,11:45:00,0.9781,0.97879,0.97799,0.97816
20/10/2022,11:30:00,0.97804,0.97885,0.97732,0.97812
20/10/2022,11:15:00,0.97885,0.97907,0.97801,0.97803
20/10/2022,11:00:00,0.97869,0.97923,0.97849,0.97886
20/10/2022,10:45:00,0.97812,0.97946,0.97796,0.97868
20/10/2022,10:30:00,0.97848,0.97855,0.97752,0.97814
20/10/2022,10:15:00,0.97776,0.97861,0.97752,0.97849
20/10/2022,10:00:00,0.97919,0.97945,0.97716,0.97777
20/10/2022,09:45:00,0.97872,0.97936,0.97851,0.97921
20/10/2022,09:30:00,0.97904,0.97911,0.97806,0.9787
20/10/2022,09:15:00,0.97919,0.97936,0.97826,0.97907
20/10/2022,09:00:00,0.97829,0.9794,0.97793,0.97917
20/10/2022,08:45:00,0.97837,0.9785,0.97788,0.9783
20/10/2022,08:30:00,0.97817,0.97858,0.97801,0.97842
20/10/2022,08:15:00,0.97879,0.97887,0.97814,0.97816
20/10/2022,08:00:00,0.9778,0.97892,0.97744,0.97879
20/10/2022,07:45:00,0.97659,0.9779,0.97657,0.97783
20/10/2022,07:30:00,0.97677,0.97678,0.97625,0.97658
20/10/2022,07:15:00,0.97604,0.97854,0.97599,0.97676
20/10/2022,07:00:00,0.97612,0.97627,0.97592,0.97603
20/10/2022,06:45:00,0.976,0.97637,0.97594,0.97616
20/10/2022,06:30:00,0.97579,0.9761,0.97568,0.97599
20/10/2022,06:15:00,0.97579,0.976,0.9757,0.97578
20/10/2022,06:00:00,0.97655,0.97666,0.97567,0.97575
20/10/2022,05:45:00,0.97603,0.97666,0.97599,0.97654
20/10/2022,05:30:00,0.9758,0.97634,0.97576,0.97603
20/10/2022,05:15:00,0.97577,0.97609,0.97561,0.97581
20/10/2022,05:00:00,0.97587,0.97602,0.97565,0.97579
20/10/2022,04:45:00,0.97607,0.97626,0.97556,0.97585
20/10/2022,04:30:00,0.97588,0.97619,0.97547,0.97609
20/10/2022,04:15:00,0.97601,0.9763,0.9755,0.97594
20/10/2022,04:00:00,0.97648,0.97653,0.97584,0.97604
20/10/2022,03:45:00,0.97621,0.97662,0.97611,0.9765
20/10/2022,03:30:00,0.97689,0.97718,0.97596,0.9762
20/10/2022,03:15:00,0.97671,0.97698,0.97659,0.97688
20/10/2022,03:00:00,0.97656,0.97685,0.97585,0.9767
20/10/2022,02:45:00,0.97624,0.97672,0.9762,0.97652
20/10/2022,02:30:00,0.97645,0.97645,0.97606,0.97623
20/10/2022,02:15:00,0.9764,0.97665,0.97623,0.97646
20/10/2022,02:00:00,0.97652,0.9766,0.97628,0.9764
20/10/2022,01:45:00,0.97672,0.97681,0.97646,0.97653
20/10/2022,01:30:00,0.97725,0.97725,0.97664,0.97672
20/10/2022,01:15:00,0.9775,0.97756,0.97723,0.97725
20/10/2022,01:00:00,0.97732,0.97756,0.97731,0.97752
20/10/2022,00:45:00,0.97745,0.97747,0.97728,0.9773
20/10/2022,00:30:00,0.97737,0.97745,0.9773,0.97745
20/10/2022,00:15:00,0.97731,0.9774,0.97716,0.97736
20/10/2022,00:00:00,0.97724,0.97727,0.97708,0.97718
19/10/2022,23:45:00,0.97746,0.97746,0.97719,0.97724
19/10/2022,23:30:00,0.97727,0.97753,0.97722,0.97745
19/10/2022,23:15:00,0.97745,0.97758,0.97726,0.97726
19/10/2022,23:00:00,0.97729,0.97757,0.97707,0.97739
19/10/2022,22:45:00,0.97692,0.97731,0.97659,0.97728
19/10/2022,22:30:00,0.9766,0.97715,0.97647,0.97693
19/10/2022,22:15:00,0.97711,0.97768,0.97658,0.9766
19/10/2022,22:00:00,0.97668,0.97723,0.97656,0.9771
19/10/2022,21:45:00,0.97704,0.9771,0.97645,0.97668
19/10/2022,21:30:00,0.97781,0.97781,0.97701,0.97702
19/10/2022,21:15:00,0.97735,0.97785,0.9772,0.97782
19/10/2022,21:00:00,0.9766,0.97738,0.97635,0.97736
19/10/2022,20:45:00,0.97654,0.97695,0.97626,0.97661
19/10/2022,20:30:00,0.977,0.97737,0.97647,0.97655
19/10/2022,20:15:00,0.976,0.9773,0.97598,0.977
19/10/2022,20:00:00,0.9766,0.9769,0.97574,0.97599
19/10/2022,19:45:00,0.97751,0.97751,0.97651,0.97659
19/10/2022,19:30:00,0.97731,0.97816,0.97716,0.97749
19/10/2022,19:15:00,0.97734,0.97811,0.97707,0.97733
19/10/2022,19:00:00,0.97791,0.97792,0.97651,0.97733
19/10/2022,18:45:00,0.97808,0.97892,0.97784,0.97789
19/10/2022,18:30:00,0.97832,0.97847,0.97796,0.97806
19/10/2022,18:15:00,0.9784,0.97886,0.978,0.97831
19/10/2022,18:00:00,0.97902,0.97944,0.97833,0.97841
19/10/2022,17:45:00,0.97949,0.98019,0.97824,0.97904
19/10/2022,17:30:00,0.98005,0.98025,0.97913,0.97948
19/10/2022,17:15:00,0.97844,0.98018,0.97814,0.98004
19/10/2022,17:00:00,0.97737,0.97846,0.97705,0.97843
19/10/2022,16:45:00,0.97836,0.9785,0.97717,0.97738
19/10/2022,16:30:00,0.97828,0.97958,0.97808,0.97839
19/10/2022,16:15:00,0.97783,0.97907,0.97755,0.9783
19/10/2022,16:00:00,0.97799,0.97848,0.97725,0.97784
19/10/2022,15:45:00,0.97751,0.97815,0.97726,0.97797
19/10/2022,15:30:00,0.97733,0.97766,0.97646,0.97754
19/10/2022,15:15:00,0.97774,0.97786,0.97693,0.97724
19/10/2022,15:00:00,0.97828,0.97837,0.97682,0.97772
19/10/2022,14:45:00,0.97683,0.97843,0.97678,0.97832
19/10/2022,14:30:00,0.97731,0.97746,0.97681,0.97682
19/10/2022,14:15:00,0.97618,0.97747,0.97592,0.97731
19/10/2022,14:00:00,0.97811,0.97835,0.97611,0.97619
19/10/2022,13:45:00,0.97933,0.97955,0.97808,0.9781
19/10/2022,13:30:00,0.9791,0.9798,0.97881,0.97935
19/10/2022,13:15:00,0.98112,0.98132,0.97903,0.97911
19/10/2022,13:00:00,0.98184,0.9821,0.98101,0.9811
19/10/2022,12:45:00,0.98115,0.98185,0.98053,0.98183
19/10/2022,12:30:00,0.98114,0.98178,0.98109,0.98117
19/10/2022,12:15:00,0.98208,0.98226,0.98076,0.98112
19/10/2022,12:00:00,0.98171,0.9824,0.98133,0.98208
19/10/2022,11:45:00,0.98302,0.98311,0.98166,0.9817
19/10/2022,11:30:00,0.98209,0.98334,0.98192,0.98302
19/10/2022,11:15:00,0.98299,0.98299,0.98127,0.9821
19/10/2022,11:00:00,0.98392,0.98392,0.98232,0.983
19/10/2022,10:45:00,0.98349,0.98393,0.98328,0.98393
19/10/2022,10:30:00,0.98244,0.98368,0.98235,0.9835
19/10/2022,10:15:00,0.98206,0.98297,0.98197,0.98243
19/10/2022,10:00:00,0.98225,0.98292,0.98154,0.98211
19/10/2022,09:45:00,0.9829,0.98357,0.98204,0.98218
19/10/2022,09:30:00,0.98348,0.98384,0.98257,0.98289
19/10/2022,09:15:00,0.98366,0.9841,0.98331,0.98347
19/10/2022,09:00:00,0.98354,0.98386,0.98307,0.98365
19/10/2022,08:45:00,0.98375,0.98416,0.98341,0.98356
19/10/2022,08:30:00,0.98377,0.98402,0.98346,0.98375
19/10/2022,08:15:00,0.98401,0.98405,0.98316,0.98378
19/10/2022,08:00:00,0.98399,0.9844,0.98378,0.98402
19/10/2022,07:45:00,0.9839,0.98409,0.98371,0.98399
19/10/2022,07:30:00,0.98412,0.98412,0.98384,0.98389
19/10/2022,07:15:00,0.98441,0.98463,0.98396,0.98411
19/10/2022,07:00:00,0.98443,0.98457,0.98431,0.98441
19/10/2022,06:45:00,0.98478,0.98481,0.98432,0.98442
19/10/2022,06:30:00,0.98502,0.98511,0.98472,0.9848
19/10/2022,06:15:00,0.98508,0.98541,0.98498,0.98501
19/10/2022,06:00:00,0.98524,0.98553,0.98505,0.9851
19/10/2022,05:45:00,0.98519,0.98557,0.98506,0.98525
19/10/2022,05:30:00,0.9858,0.9858,0.98491,0.98518
19/10/2022,05:15:00,0.98588,0.98611,0.98565,0.98581
19/10/2022,05:00:00,0.98587,0.98612,0.98564,0.98587
19/10/2022,04:45:00,0.98587,0.98622,0.98557,0.98586
19/10/2022,04:30:00,0.9856,0.98629,0.98545,0.98587
19/10/2022,04:15:00,0.98623,0.98633,0.9854,0.98559
19/10/2022,04:00:00,0.98612,0.98641,0.98562,0.98628
19/10/2022,03:45:00,0.98594,0.98629,0.98538,0.98611
19/10/2022,03:30:00,0.98566,0.98607,0.98555,0.98595
19/10/2022,03:15:00,0.98565,0.98582,0.98533,0.98563
19/10/2022,03:00:00,0.98623,0.98669,0.98561,0.98566
19/10/2022,02:45:00,0.98661,0.98668,0.98612,0.98626
19/10/2022,02:30:00,0.98658,0.98674,0.98644,0.98663
19/10/2022,02:15:00,0.98668,0.98681,0.98634,0.98655
19/10/2022,02:00:00,0.98669,0.98724,0.98663,0.98668
19/10/2022,01:45:00,0.98619,0.98688,0.98612,0.98668
19/10/2022,01:30:00,0.98603,0.98634,0.98602,0.98618
19/10/2022,01:15:00,0.98617,0.98638,0.98594,0.98603
19/10/2022,01:00:00,0.98616,0.98632,0.98611,0.9862
19/10/2022,00:45:00,0.98618,0.98618,0.98583,0.98615
19/10/2022,00:30:00,0.98603,0.98625,0.98603,0.98619
19/10/2022,00:15:00,0.98608,0.9862,0.98574,0.98603
19/10/2022,00:00:00,0.98603,0.98607,0.98541,0.98607
18/10/2022,23:45:00,0.98626,0.98638,0.98564,0.98603
18/10/2022,23:30:00,0.98594,0.98629,0.98587,0.98626
18/10/2022,23:15:00,0.98557,0.98596,0.98554,0.98593
18/10/2022,23:00:00,0.98571,0.98582,0.98526,0.98556
18/10/2022,22:45:00,0.98537,0.98577,0.98523,0.98572
18/10/2022,22:30:00,0.98473,0.98555,0.98469,0.98538
18/10/2022,22:15:00,0.98479,0.98488,0.98456,0.98473
18/10/2022,22:00:00,0.98499,0.98502,0.98453,0.98474
18/10/2022,21:45:00,0.98463,0.98505,0.98418,0.98499
18/10/2022,21:30:00,0.9854,0.98554,0.9845,0.98462
18/10/2022,21:15:00,0.98554,0.98558,0.98491,0.98539
18/10/2022,21:00:00,0.98534,0.98599,0.98501,0.98557
18/10/2022,20:45:00,0.98519,0.98582,0.98508,0.98533
18/10/2022,20:30:00,0.98533,0.98602,0.98496,0.98518
18/10/2022,20:15:00,0.9856,0.98567,0.98496,0.98533
18/10/2022,20:00:00,0.9856,0.98586,0.98417,0.98563
18/10/2022,19:45:00,0.98538,0.98584,0.98487,0.9856
18/10/2022,19:30:00,0.98485,0.98603,0.98433,0.98537
18/10/2022,19:15:00,0.98454,0.98492,0.98428,0.98485
18/10/2022,19:00:00,0.98413,0.98511,0.98373,0.98455
18/10/2022,18:45:00,0.98343,0.98427,0.98333,0.98415
18/10/2022,18:30:00,0.98234,0.98346,0.98234,0.98343
18/10/2022,18:15:00,0.98334,0.98345,0.98213,0.98235
18/10/2022,18:00:00,0.98498,0.98499,0.98331,0.98337
18/10/2022,17:45:00,0.98396,0.98541,0.98331,0.98499
18/10/2022,17:30:00,0.98369,0.98394,0.98247,0.98393
18/10/2022,17:15:00,0.98501,0.98507,0.98353,0.98368
18/10/2022,17:00:00,0.9853,0.9859,0.98502,0.98502
18/10/2022,16:45:00,0.98656,0.98657,0.98458,0.98528
18/10/2022,16:30:00,0.98669,0.98756,0.98651,0.98654
18/10/2022,16:15:00,0.98597,0.9869,0.98504,0.98667
18/10/2022,16:00:00,0.98547,0.98648,0.98497,0.98596
18/10/2022,15:45:00,0.98538,0.98556,0.98463,0.98544
18/10/2022,15:30:00,0.98453,0.98579,0.98439,0.98539
18/10/2022,15:15:00,0.98348,0.98464,0.98261,0.98457
18/10/2022,15:00:00,0.98318,0.98395,0.98253,0.98348
18/10/2022,14:45:00,0.98328,0.98349,0.98258,0.9831
18/10/2022,14:30:00,0.98357,0.98401,0.98313,0.98329
18/10/2022,14:15:00,0.9822,0.9836,0.98214,0.9836
18/10/2022,14:00:00,0.98196,0.98276,0.98188,0.98224
18/10/2022,13:45:00,0.9825,0.98258,0.98126,0.98192
18/10/2022,13:30:00,0.98355,0.98376,0.9824,0.9825
18/10/2022,13:15:00,0.984,0.98461,0.98349,0.98354
18/10/2022,13:00:00,0.98379,0.98416,0.98332,0.98401
18/10/2022,12:45:00,0.98384,0.98402,0.98328,0.98379
18/10/2022,12:30:00,0.98503,0.98537,0.98369,0.98385
18/10/2022,12:15:00,0.98468,0.98528,0.9838,0.98501
18/10/2022,12:00:00,0.98285,0.98482,0.9827,0.98466
18/10/2022,11:45:00,0.98376,0.98435,0.98247,0.98285
18/10/2022,11:30:00,0.98517,0.98534,0.98361,0.98378
18/10/2022,11:15:00,0.98521,0.98557,0.98461,0.98518
18/10/2022,11:00:00,0.98577,0.98593,0.98497,0.98519
18/10/2022,10:45:00,0.98478,0.98585,0.98446,0.98578
18/10/2022,10:30:00,0.98443,0.98528,0.98426,0.98477
18/10/2022,10:15:00,0.98523,0.98548,0.98311,0.98444
18/10/2022,10:00:00,0.9863,0.98737,0.98511,0.98522
18/10/2022,09:45:00,0.98687,0.98726,0.986,0.98626
18/10/2022,09:30:00,0.98542,0.9869,0.98474,0.98686
18/10/2022,09:15:00,0.98561,0.9858,0.98497,0.98539
18/10/2022,09:00:00,0.98545,0.98575,0.98469,0.9856
18/10/2022,08:45:00,0.98589,0.98621,0.98503,0.98541
18/10/2022,08:30:00,0.9859,0.98598,0.98552,0.9859
18/10/2022,08:15:00,0.98583,0.98632,0.98559,0.98593
18/10/2022,08:00:00,0.98575,0.98621,0.98549,0.98583
18/10/2022,07:45:00,0.98594,0.98612,0.98553,0.98573
18/10/2022,07:30:00,0.98592,0.98663,0.98577,0.98593
18/10/2022,07:15:00,0.9848,0.98638,0.98476,0.98593
18/10/2022,07:00:00,0.98409,0.98522,0.98408,0.98477
18/10/2022,06:45:00,0.98426,0.9845,0.98391,0.9841
18/10/2022,06:30:00,0.98275,0.98429,0.98273,0.98429
18/10/2022,06:15:00,0.98329,0.98336,0.98232,0.98273
18/10/2022,06:00:00,0.98314,0.98357,0.98308,0.9833
18/10/2022,05:45:00,0.9829,0.98326,0.98267,0.98315
18/10/2022,05:30:00,0.98306,0.98339,0.98283,0.98287
18/10/2022,05:15:00,0.9829,0.9831,0.9827,0.98309
18/10/2022,05:00:00,0.9832,0.98358,0.98275,0.98287
18/10/2022,04:45:00,0.98369,0.9839,0.98301,0.98321
18/10/2022,04:30:00,0.98357,0.98387,0.9829,0.9837
18/10/2022,04:15:00,0.98365,0.98368,0.98325,0.98356
18/10/2022,04:00:00,0.98413,0.98417,0.98364,0.98367
18/10/2022,03:45:00,0.98456,0.98484,0.98393,0.98412
18/10/2022,03:30:00,0.98456,0.9851,0.98438,0.98458
18/10/2022,03:15:00,0.98484,0.9849,0.98404,0.98456
18/10/2022,03:00:00,0.98435,0.98526,0.98435,0.98484
18/10/2022,02:45:00,0.98456,0.98468,0.98409,0.98434
18/10/2022,02:30:00,0.98433,0.98458,0.98399,0.98456
18/10/2022,02:15:00,0.98439,0.98444,0.98409,0.98433
18/10/2022,02:00:00,0.98424,0.98446,0.98389,0.98442
18/10/2022,01:45:00,0.984,0.98437,0.98392,0.98424
18/10/2022,01:30:00,0.98421,0.98432,0.98396,0.98399
18/10/2022,01:15:00,0.98384,0.98431,0.98366,0.98421
18/10/2022,01:00:00,0.9839,0.98454,0.98386,0.98386
18/10/2022,00:45:00,0.98407,0.9842,0.9839,0.98392
18/10/2022,00:30:00,0.98431,0.98431,0.98404,0.98409
18/10/2022,00:15:00,0.98416,0.98433,0.98407,0.98432
18/10/2022,00:00:00,0.98439,0.98439,0.9836,0.98414
17/10/2022,23:45:00,0.98416,0.98449,0.98416,0.98436
17/10/2022,23:30:00,0.98401,0.98421,0.98385,0.98418
17/10/2022,23:15:00,0.98375,0.9842,0.98364,0.98402
17/10/2022,23:00:00,0.98354,0.98378,0.98353,0.98374
17/10/2022,22:45:00,0.98415,0.98418,0.98344,0.9835
17/10/2022,22:30:00,0.98349,0.98427,0.98343,0.98416
17/10/2022,22:15:00,0.98386,0.98396,0.98324,0.98349
17/10/2022,22:00:00,0.98464,0.98465,0.98371,0.98385
17/10/2022,21:45:00,0.98444,0.98483,0.98406,0.98468
17/10/2022,21:30:00,0.98415,0.98459,0.98404,0.98443
17/10/2022,21:15:00,0.98378,0.9845,0.98373,0.98413
17/10/2022,21:00:00,0.98413,0.9849,0.98382,0.98383
17/10/2022,20:45:00,0.98388,0.9847,0.98388,0.98414
17/10/2022,20:30:00,0.98428,0.98454,0.98382,0.98389
17/10/2022,20:15:00,0.98424,0.9851,0.98408,0.98429
17/10/2022,20:00:00,0.98394,0.98448,0.98369,0.98425
17/10/2022,19:45:00,0.98391,0.98429,0.98367,0.98393
17/10/2022,19:30:00,0.98447,0.98521,0.98375,0.98392
17/10/2022,19:15:00,0.98452,0.98475,0.98374,0.98446
17/10/2022,19:00:00,0.9842,0.9846,0.98352,0.98453
17/10/2022,18:45:00,0.98259,0.98483,0.98259,0.98419
17/10/2022,18:30:00,0.9813,0.98291,0.98077,0.9826
17/10/2022,18:15:00,0.98102,0.98146,0.98047,0.98131
17/10/2022,18:00:00,0.98168,0.98184,0.98091,0.98103
17/10/2022,17:45:00,0.98016,0.98192,0.97999,0.98167
17/10/2022,17:30:00,0.97961,0.98119,0.97945,0.98014
17/10/2022,17:15:00,0.97971,0.98019,0.97839,0.9796
17/10/2022,17:00:00,0.97826,0.9797,0.97823,0.9797
17/10/2022,16:45:00,0.97888,0.97929,0.97793,0.97822
17/10/2022,16:30:00,0.97827,0.9798,0.97823,0.97887
17/10/2022,16:15:00,0.97852,0.97868,0.97767,0.97829
17/10/2022,16:00:00,0.97753,0.97873,0.97726,0.97853
17/10/2022,15:45:00,0.97733,0.9785,0.97716,0.97754
17/10/2022,15:30:00,0.97528,0.97762,0.9751,0.97734
17/10/2022,15:15:00,0.97403,0.97539,0.97344,0.97528
17/10/2022,15:00:00,0.97403,0.97415,0.97295,0.97396
17/10/2022,14:45:00,0.97386,0.97429,0.97324,0.97406
17/10/2022,14:30:00,0.97498,0.97517,0.97383,0.97384
17/10/2022,14:15:00,0.97442,0.97504,0.97433,0.97499
17/10/2022,14:00:00,0.97489,0.97518,0.97411,0.97438
17/10/2022,13:45:00,0.97497,0.97533,0.97465,0.97489
17/10/2022,13:30:00,0.97567,0.97613,0.97466,0.975
17/10/2022,13:15:00,0.97675,0.97677,0.97561,0.97564
17/10/2022,13:00:00,0.97529,0.97706,0.97487,0.97676
17/10/2022,12:45:00,0.97519,0.97563,0.97475,0.97528
17/10/2022,12:30:00,0.97532,0.97568,0.9748,0.9752
17/10/2022,12:15:00,0.97519,0.97574,0.97461,0.97533
17/10/2022,12:00:00,0.97386,0.97519,0.97363,0.97518
17/10/2022,11:45:00,0.97348,0.97399,0.97293,0.97385
17/10/2022,11:30:00,0.97337,0.97359,0.97208,0.9735
17/10/2022,11:15:00,0.97506,0.9751,0.9733,0.97338
17/10/2022,11:00:00,0.97471,0.97544,0.97444,0.97509
17/10/2022,10:45:00,0.97523,0.97554,0.97446,0.9747
17/10/2022,10:30:00,0.97411,0.9757,0.97392,0.97526
17/10/2022,10:15:00,0.97465,0.97519,0.97343,0.97408
17/10/2022,10:00:00,0.97319,0.97538,0.97318,0.97465
17/10/2022,09:45:00,0.97384,0.97395,0.97308,0.97317
17/10/2022,09:30:00,0.97414,0.97419,0.9734,0.97385
17/10/2022,09:15:00,0.97488,0.97515,0.97377,0.97418
17/10/2022,09:00:00,0.97523,0.9754,0.97464,0.97489
17/10/2022,08:45:00,0.97484,0.9756,0.97473,0.9752
17/10/2022,08:30:00,0.97465,0.97491,0.97438,0.97483
17/10/2022,08:15:00,0.97461,0.9748,0.97436,0.97466
17/10/2022,08:00:00,0.97366,0.97476,0.97359,0.97457
17/10/2022,07:45:00,0.97376,0.97401,0.97362,0.97367
17/10/2022,07:30:00,0.97352,0.97385,0.97345,0.97377
17/10/2022,07:15:00,0.97348,0.97363,0.9733,0.97351
17/10/2022,07:00:00,0.97398,0.97399,0.97325,0.97349
17/10/2022,06:45:00,0.97422,0.97447,0.97386,0.97397
17/10/2022,06:30:00,0.97452,0.97457,0.97413,0.97421
17/10/2022,06:15:00,0.97455,0.97477,0.97436,0.97452
17/10/2022,06:00:00,0.97451,0.97467,0.97426,0.97451
17/10/2022,05:45:00,0.97469,0.97476,0.97425,0.9745
17/10/2022,05:30:00,0.97455,0.97476,0.97419,0.97468
17/10/2022,05:15:00,0.97493,0.97509,0.9745,0.97456
17/10/2022,05:00:00,0.97457,0.97525,0.97456,0.97495
17/10/2022,04:45:00,0.9746,0.97506,0.9745,0.97456
17/10/2022,04:30:00,0.97423,0.97475,0.97414,0.9746
17/10/2022,04:15:00,0.97404,0.97454,0.97387,0.97425
17/10/2022,04:00:00,0.97456,0.97471,0.97395,0.97407
17/10/2022,03:45:00,0.97491,0.97507,0.97413,0.97455
17/10/2022,03:30:00,0.97413,0.97492,0.97401,0.97491
17/10/2022,03:15:00,0.97423,0.97436,0.97387,0.97414
17/10/2022,03:00:00,0.97399,0.97499,0.97371,0.97423
17/10/2022,02:45:00,0.97386,0.97425,0.97383,0.97399
17/10/2022,02:30:00,0.97377,0.97432,0.97375,0.97385
17/10/2022,02:15:00,0.97363,0.97386,0.97344,0.97377
17/10/2022,02:00:00,0.97326,0.97368,0.97308,0.97364
17/10/2022,01:45:00,0.97269,0.97332,0.9726,0.97321
17/10/2022,01:30:00,0.97311,0.97316,0.97259,0.97269
17/10/2022,01:15:00,0.97344,0.97357,0.97296,0.97311
17/10/2022,01:00:00,0.97227,0.97374,0.97223,0.97346
17/10/2022,00:45:00,0.97254,0.97256,0.97225,0.97225
17/10/2022,00:30:00,0.9721,0.97253,0.97198,0.97253
17/10/2022,00:15:00,0.97202,0.97217,0.97135,0.9721
17/10/2022,00:00:00,0.97153,0.97237,0.97151,0.97202
14/10/2022,23:45:00,0.97205,0.97265,0.97124,0.97251
14/10/2022,23:30:00,0.97234,0.97245,0.97203,0.97203
14/10/2022,23:15:00,0.97272,0.97279,0.9721,0.97238
14/10/2022,23:00:00,0.9728,0.97303,0.97245,0.97269
14/10/2022,22:45:00,0.97271,0.97285,0.97232,0.9728
14/10/2022,22:30:00,0.97254,0.97292,0.97235,0.97272
14/10/2022,22:15:00,0.97191,0.97265,0.97165,0.97254
14/10/2022,22:00:00,0.97238,0.97258,0.97185,0.9719
14/10/2022,21:45:00,0.97209,0.97254,0.97192,0.97235
14/10/2022,21:30:00,0.97241,0.97261,0.97188,0.97207
14/10/2022,21:15:00,0.97268,0.9727,0.97199,0.97242
14/10/2022,21:00:00,0.97281,0.97319,0.97233,0.97269
14/10/2022,20:45:00,0.97245,0.97299,0.97243,0.97284
14/10/2022,20:30:00,0.9719,0.97285,0.97183,0.97244
14/10/2022,20:15:00,0.97195,0.97243,0.97138,0.9719
14/10/2022,20:00:00,0.97173,0.97245,0.97166,0.97194
14/10/2022,19:45:00,0.9729,0.97323,0.97132,0.97176
14/10/2022,19:30:00,0.97353,0.97364,0.97276,0.97292
14/10/2022,19:15:00,0.97273,0.97355,0.97228,0.97354
14/10/2022,19:00:00,0.97387,0.97482,0.97261,0.97274
14/10/2022,18:45:00,0.9737,0.97411,0.97337,0.97387
14/10/2022,18:30:00,0.97475,0.97475,0.97349,0.97373
14/10/2022,18:15:00,0.97529,0.97547,0.97417,0.97476
14/10/2022,18:00:00,0.97536,0.97687,0.975,0.97528
14/10/2022,17:45:00,0.97348,0.97541,0.97303,0.97535
14/10/2022,17:30:00,0.97411,0.97511,0.97328,0.97346
14/10/2022,17:15:00,0.97231,0.97446,0.97187,0.97402
14/10/2022,17:00:00,0.9728,0.97367,0.97069,0.97229
14/10/2022,16:45:00,0.97387,0.97476,0.97304,0.97355
14/10/2022,16:30:00,0.97498,0.97594,0.97323,0.97384
14/10/2022,16:15:00,0.97907,0.97916,0.97483,0.97495
14/10/2022,16:00:00,0.97732,0.97994,0.97672,0.97909
14/10/2022,15:45:00,0.97353,0.97768,0.97322,0.97731
14/10/2022,15:30:00,0.97209,0.97356,0.97166,0.97352
14/10/2022,15:15:00,0.97164,0.97275,0.97146,0.9721
14/10/2022,15:00:00,0.97186,0.9727,0.97154,0.97165
14/10/2022,14:45:00,0.97212,0.97241,0.97091,0.97187
14/10/2022,14:30:00,0.97352,0.97375,0.972,0.97212
14/10/2022,14:15:00,0.9735,0.97417,0.97336,0.97351
14/10/2022,14:00:00,0.97345,0.97368,0.97294,0.97351
14/10/2022,13:45:00,0.97397,0.97443,0.97324,0.9734
14/10/2022,13:30:00,0.97516,0.97566,0.97379,0.97395
14/10/2022,13:15:00,0.97325,0.97577,0.97284,0.97513
14/10/2022,13:00:00,0.97299,0.97398,0.97246,0.97324
14/10/2022,12:45:00,0.97195,0.97356,0.97193,0.973
14/10/2022,12:30:00,0.97283,0.97321,0.97193,0.97197
14/10/2022,12:15:00,0.97435,0.97448,0.9727,0.97281
14/10/2022,12:00:00,0.97504,0.97538,0.9743,0.97436
14/10/2022,11:45:00,0.9758,0.97587,0.97471,0.97503
14/10/2022,11:30:00,0.97507,0.97597,0.97488,0.97581
14/10/2022,11:15:00,0.97602,0.97609,0.97448,0.97508
14/10/2022,11:00:00,0.97679,0.97679,0.97589,0.97601
14/10/2022,10:45:00,0.97646,0.97713,0.9755,0.97676
14/10/2022,10:30:00,0.97622,0.97661,0.97581,0.97643
14/10/2022,10:15:00,0.97716,0.97721,0.97527,0.97623
14/10/2022,10:00:00,0.97884,0.97884,0.97705,0.97719
14/10/2022,09:45:00,0.97955,0.97966,0.97764,0.97883
14/10/2022,09:30:00,0.9794,0.97971,0.97888,0.97956
14/10/2022,09:15:00,0.97842,0.97958,0.97842,0.97939
14/10/2022,09:00:00,0.9776,0.97886,0.97754,0.97844
14/10/2022,08:45:00,0.97798,0.97827,0.97749,0.9776
14/10/2022,08:30:00,0.97792,0.97839,0.97762,0.97797
14/10/2022,08:15:00,0.9784,0.9786,0.97764,0.97794
14/10/2022,08:00:00,0.97816,0.97865,0.97805,0.97842
14/10/2022,07:45:00,0.97828,0.97851,0.97806,0.97816
14/10/2022,07:30:00,0.97801,0.97846,0.97787,0.97826
14/10/2022,07:15:00,0.97885,0.97893,0.97796,0.97796
14/10/2022,07:00:00,0.97873,0.97899,0.97848,0.97887
14/10/2022,06:45:00,0.97938,0.97959,0.97843,0.97872
14/10/2022,06:30:00,0.97887,0.97973,0.97881,0.97941
14/10/2022,06:15:00,0.97906,0.97921,0.97856,0.97881
14/10/2022,06:00:00,0.9791,0.97928,0.97881,0.97907
14/10/2022,05:45:00,0.9794,0.97962,0.97898,0.97904
14/10/2022,05:30:00,0.97908,0.97989,0.97908,0.97939
14/10/2022,05:15:00,0.97972,0.97983,0.97899,0.97907
14/10/2022,05:00:00,0.97997,0.98021,0.97941,0.97971
14/10/2022,04:45:00,0.97942,0.98084,0.97928,0.97996
14/10/2022,04:30:00,0.97717,0.97946,0.97714,0.97942
14/10/2022,04:15:00,0.97738,0.97776,0.97711,0.97717
14/10/2022,04:00:00,0.97682,0.97763,0.97677,0.97739
14/10/2022,03:45:00,0.97677,0.97724,0.97667,0.9768
14/10/2022,03:30:00,0.97681,0.97716,0.97641,0.97676
14/10/2022,03:15:00,0.97696,0.97717,0.97617,0.97682
14/10/2022,03:00:00,0.97671,0.97788,0.97654,0.97693
14/10/2022,02:45:00,0.97706,0.97718,0.97668,0.97671
14/10/2022,02:30:00,0.97732,0.97742,0.97698,0.97707
14/10/2022,02:15:00,0.97759,0.9776,0.97725,0.97731
14/10/2022,02:00:00,0.9777,0.97776,0.97741,0.9776
14/10/2022,01:45:00,0.97745,0.97777,0.97734,0.9777
14/10/2022,01:30:00,0.97689,0.97747,0.97689,0.97746
14/10/2022,01:15:00,0.97741,0.97754,0.97685,0.97689
14/10/2022,01:00:00,0.97724,0.9778,0.97723,0.97742
14/10/2022,00:45:00,0.97733,0.97772,0.97727,0.97768
14/10/2022,00:30:00,0.97743,0.97764,0.97732,0.97734
14/10/2022,00:15:00,0.97711,0.97749,0.97706,0.97745
14/10/2022,00:00:00,0.97776,0.97776,0.97703,0.97711
13/10/2022,23:45:00,0.97798,0.97798,0.97757,0.97776
13/10/2022,23:30:00,0.97775,0.97809,0.97763,0.97801
13/10/2022,23:15:00,0.97746,0.9778,0.97745,0.97777
13/10/2022,23:00:00,0.97748,0.97786,0.97733,0.97745
13/10/2022,22:45:00,0.97785,0.97797,0.97739,0.97748
13/10/2022,22:30:00,0.97727,0.9779,0.97714,0.97788
13/10/2022,22:15:00,0.97808,0.97813,0.97711,0.97728
13/10/2022,22:00:00,0.97868,0.97892,0.97802,0.97807
13/10/2022,21:45:00,0.97872,0.97923,0.97846,0.97867
13/10/2022,21:30:00,0.97845,0.9789,0.97813,0.97874
13/10/2022,21:15:00,0.97908,0.97948,0.97823,0.97846
13/10/2022,21:00:00,0.97965,0.98004,0.97882,0.97907
13/10/2022,20:45:00,0.97964,0.98051,0.97947,0.97966
13/10/2022,20:30:00,0.97934,0.98059,0.97934,0.97968
13/10/2022,20:15:00,0.97759,0.97992,0.97742,0.97933
13/10/2022,20:00:00,0.97742,0.97819,0.97683,0.97759
13/10/2022,19:45:00,0.97804,0.97816,0.97689,0.97745
13/10/2022,19:30:00,0.97766,0.97817,0.97723,0.97803
13/10/2022,19:15:00,0.97801,0.97838,0.97643,0.97763
13/10/2022,19:00:00,0.97792,0.9799,0.97751,0.978
13/10/2022,18:45:00,0.97796,0.97863,0.97712,0.9779
13/10/2022,18:30:00,0.97676,0.97987,0.97601,0.97794
13/10/2022,18:15:00,0.97467,0.97839,0.97383,0.97674
13/10/2022,18:00:00,0.9718,0.97469,0.97107,0.97465
13/10/2022,17:45:00,0.96909,0.97259,0.96893,0.97177
13/10/2022,17:30:00,0.9682,0.96986,0.96807,0.9691
13/10/2022,17:15:00,0.9696,0.97014,0.96757,0.96822
13/10/2022,17:00:00,0.96947,0.96996,0.96838,0.96959
13/10/2022,16:45:00,0.96657,0.9702,0.96623,0.96942
13/10/2022,16:30:00,0.96635,0.96724,0.9654,0.96653
13/10/2022,16:15:00,0.96587,0.96819,0.96452,0.96635
13/10/2022,16:00:00,0.9668,0.96757,0.96494,0.96586
13/10/2022,15:45:00,0.9649,0.96723,0.96358,0.96683
13/10/2022,15:30:00,0.9737,0.9737,0.96316,0.96487
13/10/2022,15:15:00,0.97382,0.97482,0.97357,0.9736
13/10/2022,15:00:00,0.97443,0.97456,0.97331,0.97381
13/10/2022,14:45:00,0.97459,0.97478,0.97406,0.97448
13/10/2022,14:30:00,0.97377,0.9753,0.97355,0.9746
13/10/2022,14:15:00,0.97236,0.97406,0.97234,0.9738
13/10/2022,14:00:00,0.97251,0.97271,0.97209,0.97237
13/10/2022,13:45:00,0.97241,0.97287,0.97179,0.9725
13/10/2022,13:30:00,0.97346,0.97349,0.97237,0.97241
13/10/2022,13:15:00,0.97315,0.97356,0.97283,0.97347
13/10/2022,13:00:00,0.97262,0.97324,0.97239,0.97316
13/10/2022,12:45:00,0.97354,0.97373,0.97246,0.97261
13/10/2022,12:30:00,0.97409,0.9744,0.97315,0.97352
13/10/2022,12:15:00,0.97293,0.97408,0.97207,0.97407
13/10/2022,12:00:00,0.97135,0.97305,0.9711,0.97292
13/10/2022,11:45:00,0.97062,0.97142,0.97031,0.97141
13/10/2022,11:30:00,0.97003,0.97087,0.96997,0.97063
13/10/2022,11:15:00,0.97013,0.97033,0.96981,0.97002
13/10/2022,11:00:00,0.97058,0.9709,0.9701,0.97018
13/10/2022,10:45:00,0.96996,0.97068,0.96951,0.97059
13/10/2022,10:30:00,0.96916,0.97021,0.96854,0.96997
13/10/2022,10:15:00,0.96945,0.9697,0.96866,0.96917
13/10/2022,10:00:00,0.96899,0.9695,0.96878,0.96945
13/10/2022,09:45:00,0.96998,0.97047,0.96886,0.96897
13/10/2022,09:30:00,0.96972,0.97017,0.96967,0.97002
13/10/2022,09:15:00,0.97045,0.97091,0.96963,0.96971
13/10/2022,09:00:00,0.96969,0.97069,0.96961,0.97044
13/10/2022,08:45:00,0.97053,0.97055,0.96964,0.96972
13/10/2022,08:30:00,0.97033,0.97069,0.97017,0.97052
13/10/2022,08:15:00,0.97044,0.97056,0.97004,0.97032
13/10/2022,08:00:00,0.97041,0.97051,0.97017,0.97045
13/10/2022,07:45:00,0.97045,0.97049,0.9703,0.9704
13/10/2022,07:30:00,0.97022,0.9706,0.97021,0.97044
13/10/2022,07:15:00,0.97012,0.97029,0.97006,0.97023
13/10/2022,07:00:00,0.97005,0.97018,0.96975,0.97013
13/10/2022,06:45:00,0.97025,0.97035,0.97003,0.97004
13/10/2022,06:30:00,0.97025,0.97029,0.97002,0.97025
13/10/2022,06:15:00,0.97002,0.9703,0.96985,0.97024
13/10/2022,06:00:00,0.96982,0.97006,0.9695,0.97003
13/10/2022,05:45:00,0.97012,0.97012,0.96975,0.96983
13/10/2022,05:30:00,0.97014,0.97033,0.96999,0.97011
13/10/2022,05:15:00,0.96985,0.97019,0.96962,0.97013
13/10/2022,05:00:00,0.97051,0.97062,0.96984,0.96987
13/10/2022,04:45:00,0.9702,0.97075,0.97009,0.97052
13/10/2022,04:30:00,0.97045,0.97054,0.97007,0.97021
13/10/2022,04:15:00,0.97139,0.97142,0.97041,0.97046
13/10/2022,04:00:00,0.97144,0.97147,0.97103,0.9714
13/10/2022,03:45:00,0.97133,0.97161,0.97111,0.97143
13/10/2022,03:30:00,0.97115,0.97217,0.9711,0.97133
13/10/2022,03:15:00,0.97025,0.97117,0.97014,0.97116
13/10/2022,03:00:00,0.9705,0.97066,0.96977,0.97026
13/10/2022,02:45:00,0.97069,0.97096,0.97051,0.97051
13/10/2022,02:30:00,0.97048,0.97072,0.97046,0.9707
13/10/2022,02:15:00,0.97048,0.97062,0.97044,0.97048
13/10/2022,02:00:00,0.97075,0.97075,0.97038,0.97047
13/10/2022,01:45:00,0.97081,0.97092,0.97072,0.97074
13/10/2022,01:30:00,0.9708,0.97087,0.97072,0.97081
13/10/2022,01:15:00,0.97094,0.97099,0.97063,0.9708
13/10/2022,01:00:00,0.97045,0.97099,0.97045,0.97098
13/10/2022,00:45:00,0.97043,0.97049,0.97012,0.97047
13/10/2022,00:30:00,0.97038,0.97045,0.97006,0.97044
13/10/2022,00:15:00,0.97008,0.97042,0.96992,0.97038
13/10/2022,00:00:00,0.97031,0.97031,0.9698,0.97008
12/10/2022,23:45:00,0.97006,0.97038,0.96999,0.97031
12/10/2022,23:30:00,0.96978,0.97008,0.96966,0.97007
12/10/2022,23:15:00,0.96999,0.97017,0.96976,0.96977
12/10/2022,23:00:00,0.97013,0.9702,0.96976,0.96998
12/10/2022,22:45:00,0.97049,0.97057,0.97004,0.97011
12/10/2022,22:30:00,0.97,0.97065,0.96987,0.9705
12/10/2022,22:15:00,0.96977,0.97047,0.96967,0.97
12/10/2022,22:00:00,0.96974,0.97001,0.96914,0.96978
12/10/2022,21:45:00,0.97069,0.97069,0.96951,0.96976
12/10/2022,21:30:00,0.9709,0.97142,0.9705,0.9707
12/10/2022,21:15:00,0.97156,0.9718,0.97047,0.97091
12/10/2022,21:00:00,0.96902,0.972,0.96849,0.97157
12/10/2022,20:45:00,0.96908,0.96966,0.96894,0.96902
12/10/2022,20:30:00,0.9689,0.96913,0.96867,0.96907
12/10/2022,20:15:00,0.96848,0.96901,0.96836,0.96892
12/10/2022,20:00:00,0.96833,0.96862,0.96807,0.9685
12/10/2022,19:45:00,0.96832,0.96876,0.96801,0.96836
12/10/2022,19:30:00,0.96922,0.96937,0.96821,0.96833
12/10/2022,19:15:00,0.96871,0.9694,0.96856,0.96922
12/10/2022,19:00:00,0.96907,0.96949,0.96851,0.96872
12/10/2022,18:45:00,0.96967,0.96983,0.96894,0.96906
12/10/2022,18:30:00,0.97065,0.97096,0.96969,0.96969
12/10/2022,18:15:00,0.96976,0.97086,0.96952,0.97062
12/10/2022,18:00:00,0.97014,0.9704,0.96919,0.96974
12/10/2022,17:45:00,0.96732,0.97056,0.96679,0.97012
12/10/2022,17:30:00,0.96865,0.96982,0.96728,0.96737
12/10/2022,17:15:00,0.9695,0.96972,0.96819,0.96864
12/10/2022,17:00:00,0.96904,0.96975,0.96904,0.96949
12/10/2022,16:45:00,0.97049,0.9707,0.96901,0.96906
12/10/2022,16:30:00,0.9704,0.97112,0.96984,0.97049
12/10/2022,16:15:00,0.96987,0.97061,0.96981,0.97038
12/10/2022,16:00:00,0.97054,0.97086,0.96946,0.96985
12/10/2022,15:45:00,0.97041,0.97109,0.97001,0.97052
12/10/2022,15:30:00,0.97046,0.97072,0.96871,0.97038
12/10/2022,15:15:00,0.97062,0.971,0.97013,0.97047
12/10/2022,15:00:00,0.97081,0.97116,0.97045,0.97061
12/10/2022,14:45:00,0.97104,0.97109,0.97021,0.9708
12/10/2022,14:30:00,0.97104,0.97135,0.97084,0.97103
12/10/2022,14:15:00,0.97096,0.97134,0.97047,0.97105
12/10/2022,14:00:00,0.97161,0.972,0.97021,0.97094
12/10/2022,13:45:00,0.97119,0.97164,0.97048,0.97162
12/10/2022,13:30:00,0.97092,0.97159,0.97064,0.97118
12/10/2022,13:15:00,0.97098,0.97121,0.97062,0.97093
12/10/2022,13:00:00,0.97087,0.97169,0.97061,0.97099
12/10/2022,12:45:00,0.97077,0.97089,0.97023,0.97087
12/10/2022,12:30:00,0.97132,0.97145,0.97033,0.97079
12/10/2022,12:15:00,0.97022,0.9717,0.96981,0.97133
12/10/2022,12:00:00,0.97038,0.97091,0.96975,0.97026
12/10/2022,11:45:00,0.97162,0.97192,0.97019,0.97037
12/10/2022,11:30:00,0.97219,0.97238,0.97134,0.9716
12/10/2022,11:15:00,0.97119,0.97245,0.97095,0.97218
12/10/2022,11:00:00,0.97072,0.97163,0.97064,0.97121
12/10/2022,10:45:00,0.97116,0.97154,0.9705,0.97075
12/10/2022,10:30:00,0.9705,0.97221,0.97024,0.97115
12/10/2022,10:15:00,0.97192,0.97228,0.96957,0.97054
12/10/2022,10:00:00,0.97216,0.97261,0.97129,0.97192
12/10/2022,09:45:00,0.97291,0.97305,0.97193,0.97215
12/10/2022,09:30:00,0.97306,0.97329,0.97225,0.97288
12/10/2022,09:15:00,0.97258,0.97309,0.97179,0.97305
12/10/2022,09:00:00,0.97211,0.97273,0.97149,0.9726
12/10/2022,08:45:00,0.97175,0.97241,0.97169,0.9721
12/10/2022,08:30:00,0.97084,0.97174,0.97062,0.97174
12/10/2022,08:15:00,0.97137,0.97141,0.97063,0.97083
12/10/2022,08:00:00,0.97151,0.9718,0.97105,0.97136
12/10/2022,07:45:00,0.97157,0.97193,0.97134,0.97152
12/10/2022,07:30:00,0.97141,0.97166,0.971,0.97158
12/10/2022,07:15:00,0.97163,0.97176,0.97106,0.97141
12/10/2022,07:00:00,0.96981,0.97346,0.96969,0.97162
12/10/2022,06:45:00,0.9695,0.97001,0.96937,0.96983
12/10/2022,06:30:00,0.96996,0.96998,0.96932,0.96951
12/10/2022,06:15:00,0.96974,0.97006,0.96972,0.96997
12/10/2022,06:00:00,0.96994,0.97004,0.96934,0.96973
12/10/2022,05:45:00,0.96868,0.96995,0.96856,0.96995
12/10/2022,05:30:00,0.96874,0.96934,0.96863,0.96867
12/10/2022,05:15:00,0.96867,0.96887,0.96826,0.96875
12/10/2022,05:00:00,0.9691,0.96928,0.96856,0.96867
12/10/2022,04:45:00,0.96877,0.96916,0.96829,0.96911
12/10/2022,04:30:00,0.96991,0.96996,0.96862,0.9688
12/10/2022,04:15:00,0.96999,0.97121,0.9699,0.9699
12/10/2022,04:00:00,0.97027,0.97057,0.96961,0.96994
12/10/2022,03:45:00,0.97033,0.97104,0.97002,0.97031
12/10/2022,03:30:00,0.9696,0.97043,0.96943,0.97034
12/10/2022,03:15:00,0.96924,0.97021,0.96911,0.96956
12/10/2022,03:00:00,0.97003,0.97032,0.96903,0.96919
12/10/2022,02:45:00,0.97036,0.97037,0.96991,0.97005
12/10/2022,02:30:00,0.9703,0.97052,0.97029,0.97035
12/10/2022,02:15:00,0.97104,0.97106,0.97026,0.97032
12/10/2022,02:00:00,0.97134,0.97142,0.97098,0.97105
12/10/2022,01:45:00,0.97129,0.97143,0.97123,0.97133
12/10/2022,01:30:00,0.97154,0.97179,0.97107,0.97125
12/10/2022,01:15:00,0.97077,0.97157,0.97073,0.97154
12/10/2022,01:00:00,0.97034,0.97079,0.97032,0.97079
12/10/2022,00:45:00,0.97043,0.97063,0.97034,0.97034
12/10/2022,00:30:00,0.97051,0.97066,0.97037,0.97044
12/10/2022,00:15:00,0.9704,0.97059,0.97023,0.97051
12/10/2022,00:00:00,0.97052,0.97052,0.97016,0.9704
11/10/2022,23:45:00,0.97038,0.97061,0.97021,0.97052
11/10/2022,23:30:00,0.97085,0.97089,0.97031,0.97036
11/10/2022,23:15:00,0.97047,0.971,0.97046,0.97084
11/10/2022,23:00:00,0.97103,0.97121,0.9704,0.97046
11/10/2022,22:45:00,0.97109,0.97117,0.97065,0.97104
11/10/2022,22:30:00,0.97109,0.9714,0.97028,0.9711
11/10/2022,22:15:00,0.97026,0.97144,0.96987,0.97104
11/10/2022,22:00:00,0.97089,0.97097,0.96937,0.97027
11/10/2022,21:45:00,0.97391,0.974,0.97065,0.9709
11/10/2022,21:30:00,0.97494,0.97516,0.97391,0.97392
11/10/2022,21:15:00,0.97497,0.97513,0.97461,0.97491
11/10/2022,21:00:00,0.97519,0.97529,0.97474,0.97497
11/10/2022,20:45:00,0.9756,0.97632,0.97508,0.97522
11/10/2022,20:30:00,0.97517,0.97576,0.97491,0.97562
11/10/2022,20:15:00,0.97621,0.97634,0.97491,0.97516
11/10/2022,20:00:00,0.97659,0.97668,0.97589,0.97622
11/10/2022,19:45:00,0.97731,0.97743,0.9764,0.97655
11/10/2022,19:30:00,0.9762,0.97745,0.97596,0.9773
11/10/2022,19:15:00,0.97532,0.97644,0.97514,0.97619
11/10/2022,19:00:00,0.97559,0.97572,0.97434,0.9753
11/10/2022,18:45:00,0.97321,0.97626,0.97295,0.9756
11/10/2022,18:30:00,0.97213,0.97347,0.97211,0.97323
11/10/2022,18:15:00,0.97131,0.97239,0.97104,0.97212
11/10/2022,18:00:00,0.97075,0.97204,0.97073,0.97133
11/10/2022,17:45:00,0.97119,0.972,0.97036,0.97074
11/10/2022,17:30:00,0.96998,0.97139,0.96969,0.97118
11/10/2022,17:15:00,0.97026,0.97082,0.96995,0.96997
11/10/2022,17:00:00,0.97018,0.97045,0.9691,0.97025
11/10/2022,16:45:00,0.97122,0.97169,0.96994,0.97021
11/10/2022,16:30:00,0.97153,0.97167,0.97036,0.97124
11/10/2022,16:15:00,0.97156,0.97201,0.97133,0.97155
11/10/2022,16:00:00,0.97201,0.97215,0.97107,0.97159
11/10/2022,15:45:00,0.97275,0.97309,0.97176,0.97199
11/10/2022,15:30:00,0.97225,0.97324,0.97191,0.97276
11/10/2022,15:15:00,0.97229,0.97279,0.97189,0.97227
11/10/2022,15:00:00,0.97249,0.97265,0.97204,0.97227
11/10/2022,14:45:00,0.97304,0.97307,0.97157,0.9725
11/10/2022,14:30:00,0.97374,0.97374,0.97303,0.97305
11/10/2022,14:15:00,0.97161,0.97379,0.97146,0.97375
11/10/2022,14:00:00,0.97173,0.97235,0.97153,0.9716
11/10/2022,13:45:00,0.97063,0.97177,0.97063,0.97175
11/10/2022,13:30:00,0.97069,0.9709,0.97026,0.97062
11/10/2022,13:15:00,0.96957,0.97188,0.96938,0.97068
11/10/2022,13:00:00,0.96987,0.97012,0.9692,0.96955
11/10/2022,12:45:00,0.96994,0.97029,0.96976,0.96989
11/10/2022,12:30:00,0.97038,0.97105,0.96985,0.96993
11/10/2022,12:15:00,0.97123,0.9719,0.97023,0.97037
11/10/2022,12:00:00,0.97076,0.97184,0.97054,0.97122
11/10/2022,11:45:00,0.97088,0.97128,0.97032,0.97075
11/10/2022,11:30:00,0.97062,0.97095,0.9699,0.97088
11/10/2022,11:15:00,0.97192,0.97194,0.9705,0.97065
11/10/2022,11:00:00,0.96992,0.97199,0.9697,0.97193
11/10/2022,10:45:00,0.97131,0.97131,0.96968,0.96991
11/10/2022,10:30:00,0.97109,0.97249,0.97099,0.9713
11/10/2022,10:15:00,0.97041,0.97178,0.9703,0.97111
11/10/2022,10:00:00,0.96904,0.9708,0.96893,0.97043
11/10/2022,09:45:00,0.96959,0.96979,0.96851,0.96905
11/10/2022,09:30:00,0.96915,0.97028,0.96912,0.96958
11/10/2022,09:15:00,0.9684,0.96946,0.96827,0.96912
11/10/2022,09:00:00,0.96859,0.96902,0.96749,0.96839
11/10/2022,08:45:00,0.96854,0.96876,0.96827,0.96858
11/10/2022,08:30:00,0.9683,0.96857,0.96782,0.96853
11/10/2022,08:15:00,0.96809,0.96842,0.96802,0.96831
11/10/2022,08:00:00,0.96771,0.96827,0.96762,0.96808
11/10/2022,07:45:00,0.96826,0.96826,0.96705,0.96772
11/10/2022,07:30:00,0.96777,0.96828,0.9676,0.96825
11/10/2022,07:15:00,0.96795,0.96808,0.96758,0.96776
11/10/2022,07:00:00,0.96822,0.96853,0.9679,0.96794
11/10/2022,06:45:00,0.96878,0.96891,0.96815,0.96821
11/10/2022,06:30:00,0.96932,0.9696,0.96878,0.96879
11/10/2022,06:15:00,0.96901,0.96952,0.96897,0.96933
11/10/2022,06:00:00,0.96872,0.96907,0.96865,0.969
11/10/2022,05:45:00,0.96838,0.96911,0.96837,0.96871
11/10/2022,05:30:00,0.96848,0.96905,0.96825,0.96839
11/10/2022,05:15:00,0.96872,0.96904,0.96808,0.96847
11/10/2022,05:00:00,0.96968,0.96998,0.96867,0.96875
11/10/2022,04:45:00,0.96934,0.97008,0.96924,0.96971
11/10/2022,04:30:00,0.97152,0.97171,0.96919,0.96938
11/10/2022,04:15:00,0.9716,0.97207,0.97134,0.97153
11/10/2022,04:00:00,0.97202,0.97213,0.9714,0.97158
11/10/2022,03:45:00,0.97178,0.97229,0.97166,0.97203
11/10/2022,03:30:00,0.97196,0.97223,0.97153,0.97179
11/10/2022,03:15:00,0.97079,0.97199,0.97064,0.97191
11/10/2022,03:00:00,0.97112,0.97124,0.96988,0.97082
11/10/2022,02:45:00,0.97101,0.97113,0.97086,0.97109
11/10/2022,02:30:00,0.97104,0.97111,0.97089,0.97102
11/10/2022,02:15:00,0.97082,0.97104,0.97077,0.97103
11/10/2022,02:00:00,0.97083,0.97097,0.97073,0.97082
11/10/2022,01:45:00,0.97049,0.97088,0.97047,0.97084
11/10/2022,01:30:00,0.97048,0.97052,0.97029,0.9705
11/10/2022,01:15:00,0.97024,0.97049,0.97023,0.97048
11/10/2022,01:00:00,0.97025,0.97043,0.97007,0.97022
11/10/2022,00:45:00,0.97025,0.97039,0.97022,0.97028
11/10/2022,00:30:00,0.97048,0.9705,0.97006,0.97024
11/10/2022,00:15:00,0.97004,0.97045,0.96998,0.97045
11/10/2022,00:00:00,0.97034,0.97034,0.96974,0.97005
10/10/2022,23:45:00,0.97059,0.97062,0.9703,0.97034
10/10/2022,23:30:00,0.9707,0.97073,0.97052,0.97057
10/10/2022,23:15:00,0.97059,0.97072,0.97027,0.97071
10/10/2022,23:00:00,0.97025,0.97059,0.97024,0.97058
10/10/2022,22:45:00,0.97054,0.97084,0.9702,0.97024
10/10/2022,22:30:00,0.97059,0.97079,0.97042,0.97056
10/10/2022,22:15:00,0.97053,0.97094,0.97043,0.97059
10/10/2022,22:00:00,0.97036,0.97081,0.97014,0.97054
10/10/2022,21:45:00,0.97152,0.97159,0.9703,0.97033
10/10/2022,21:30:00,0.97152,0.97238,0.97136,0.97153
10/10/2022,21:15:00,0.97175,0.97196,0.97136,0.97153
10/10/2022,21:00:00,0.97129,0.97192,0.97129,0.97176
10/10/2022,20:45:00,0.97031,0.97183,0.97014,0.9713
10/10/2022,20:30:00,0.97018,0.97077,0.96994,0.97033
10/10/2022,20:15:00,0.96951,0.97064,0.96922,0.9702
10/10/2022,20:00:00,0.96918,0.96976,0.96856,0.96953
10/10/2022,19:45:00,0.96959,0.9697,0.96893,0.96919
10/10/2022,19:30:00,0.96941,0.97009,0.9693,0.96961
10/10/2022,19:15:00,0.96953,0.97003,0.96926,0.9694
10/10/2022,19:00:00,0.9703,0.97045,0.96939,0.96952
10/10/2022,18:45:00,0.96898,0.97047,0.96894,0.97029
